reason,path
phash_dup,/content/final/test/avatar/acb17acf73015204.jpg
phash_dup,/content/final/test/avatar/a80f38952f5293d4.jpg
phash_dup,/content/final/test/avatar/8640bf83bf8a2a9f.jpg
phash_dup,/content/final/test/avatar/b9ba430ab32bb0a3.jpg
phash_dup,/content/final/test/avatar/358ce41861184e07.jpg
phash_dup,/content/final/val/avatar/18dc63647be9dd7c.jpg
phash_dup,/content/final/val/avatar/44cb6fcf028bee1d.jpg
phash_dup,/content/final/test/avatar/17e4a57aa3663a08.jpg
phash_dup,/content/final/val/avatar/cb37c1e1667e7d8e.jpg
emb_dup,/content/final/test/avatar/c36f73d89013509a.jpg
emb_dup,/content/final/val/avatar/b26d2c197a53abd2.jpg
emb_dup,/content/final/val/avatar/402e6c9853e1a73a.jpg
emb_dup,/content/final/test/avatar/307ff306d49603c8.jpg
emb_dup,/content/final/test/avatar/cc7b56eb2f5874c1.jpg
emb_dup,/content/final/test/avatar/673ba14a2353f589.jpg
emb_dup,/content/final/val/avatar/0b426356b84f766e.jpg
emb_dup,/content/final/test/avatar/1b4c1e55bd90b2c1.jpg
emb_dup,/content/final/val/avatar/80d0bf797d1bc547.jpg
emb_dup,/content/final/test/avatar/b3b299da7558c519.jpg
emb_dup,/content/final/val/avatar/43f46fc7d71481d3.jpg
emb_dup,/content/final/test/avatar/2abaa79c3eaf3c59.jpg
emb_dup,/content/final/test/avatar/18b5d40be2ed7e02.jpg
emb_dup,/content/final/val/avatar/2795fde4695e7312.jpg
emb_dup,/content/final/test/avatar/d88d17e3ecd17271.jpg
emb_dup,/content/final/val/avatar/f45b2a1252dd01fd.jpg
emb_dup,/content/final/val/avatar/de681dc536fd1e65.jpg
emb_dup,/content/final/val/avatar/5520763cf8b25ac7.jpg
emb_dup,/content/final/val/avatar/41f4f5c2c9fd4c67.jpg
emb_dup,/content/final/test/avatar/4a397333aedc70dd.jpg
